{"accuracy": [0.03723916411399841, 0.07415730506181717, 0.11396468430757523, 0.1736757606267929, 0.2539325952529907, 0.33643659949302673, 0.41605135798454285, 0.5110754370689392, 0.5903691649436951, 0.6545746326446533, 0.7200642228126526, 0.7537720799446106, 0.7788121700286865, 0.8202247023582458, 0.8362760543823242, 0.8629213571548462, 0.8751204013824463, 0.8902086615562439, 0.9033707976341248, 0.8995184302330017, 0.9191011190414429, 0.9139646887779236, 0.9303370714187622, 0.936115562915802, 0.9306581020355225, 0.9499197602272034, 0.9434992074966431, 0.9512038230895996, 0.940930962562561, 0.9406099319458008], "loss": [10.295705795288086, 3.3691458702087402, 3.1621832847595215, 2.8724989891052246, 2.5667052268981934, 2.261997699737549, 1.9864872694015503, 1.6380722522735596, 1.4034388065338135, 1.133267879486084, 0.9459905028343201, 0.8549721837043762, 0.7366187572479248, 0.6162663102149963, 0.5245439410209656, 0.46041399240493774, 0.41581952571868896, 0.3727414906024933, 0.3645332157611847, 0.33520475029945374, 0.26719141006469727, 0.3026314675807953, 0.23645101487636566, 0.22555191814899445, 0.23161742091178894, 0.18616247177124023, 0.19652074575424194, 0.1878851354122162, 0.21658433973789215, 0.2026386559009552], "val_accuracy": [0.05982905998826027, 0.156695157289505, 0.3304843306541443, 0.4871794879436493, 0.6296296119689941, 0.7606837749481201, 0.8461538553237915, 0.8860399127006531, 0.9002848863601685, 0.9259259104728699, 0.9173789024353027, 0.934472918510437, 0.934472918510437, 0.9487179517745972, 0.9515669345855713, 0.9515669345855713, 0.945868968963623, 0.9572649598121643, 0.9572649598121643, 0.9487179517745972, 0.9487179517745972, 0.9515669345855713, 0.9601139426231384, 0.9515669345855713, 0.9515669345855713, 0.9601139426231384, 0.9487179517745972, 0.9544159770011902, 0.9601139426231384, 0.9572649598121643], "val_loss": [3.3925418853759766, 3.1102356910705566, 2.8474788665771484, 2.0352942943573, 1.7676984071731567, 1.186095118522644, 0.9360689520835876, 0.5639213919639587, 0.48828691244125366, 0.3957878053188324, 0.4317748546600342, 0.35412511229515076, 0.39238855242729187, 0.320390909910202, 0.2936311960220337, 0.32841986417770386, 0.3249618113040924, 0.2729017734527588, 0.2635067403316498, 0.27497023344039917, 0.29429277777671814, 0.28273069858551025, 0.27026674151420593, 0.30971574783325195, 0.3253094255924225, 0.3611502945423126, 0.43175891041755676, 0.4029844403266907, 0.32568231225013733, 0.3573010265827179]}